<application>
  <component name="AppStorage">
    <option name="newTranslationDialogWidth" value="596" />
    <option name="newTranslationDialogX" value="554" />
    <option name="newTranslationDialogY" value="292" />
    <histories>
      <item value="面积" />
      <item value="mian" />
      <item value="volume" />
      <item value="vol" />
      <item value="vo" />
      <item value="体积" />
      <item value="ti" />
    </histories>
  </component>
  <component name="Cache">
    <option name="lastTrimTime" value="1620131805429" />
  </component>
</application>