<application>
  <component name="AppStorage">
    <option name="newTranslationDialogWidth" value="582" />
    <option name="newTranslationDialogX" value="275" />
    <option name="newTranslationDialogY" value="461" />
    <histories>
      <item value="resource" />
      <item value="Clang-Tidy: Initialization of 'cur_path' with static storage duration may throw an exception that cannot be caught" />
      <item value="Redundant string initialization" />
      <item value="Create a bunch of objects as demonstration." />
      <item value="don't ask me, but the original cJSON_SetNumberValue returns an integer or double" />
      <item value="use saturation in case of overflow" />
      <item value="saturation" />
      <item value="Parse the input text to generate a number, and populate the result into item." />
      <item value="How deeply nested (in arraysobjects) is the input at the current offset." />
      <item value="define buffer_at_offset(buffer) ((buffer)-&gt;content + (buffer)-&gt;offset)" />
      <item value="get a pointer to the buffer at the position" />
      <item value="check if the given size is left to read in a given parse buffer (starting with 1)" />
      <item value="decimal" />
      <item value="decimal point" />
      <item value="get the decimal point character of the current locale" />
      <item value="use realloc only if both free and malloc are used" />
      <item value="start up&#10;&#10;&#10;&#10;" />
      <item value="startup&#10;&#10;&#10;&#10;" />
      <item value="start&#10;&#10;&#10;" />
      <item value="start&#10;&#10;" />
      <item value="startd&#10;&#10;" />
      <item value="startdup&#10;" />
      <item value="startd" />
      <item value="start'd" />
      <item value="start" />
      <item value="character literals" />
      <item value="literals" />
      <item value="strlen of character literals resolved at compile time" />
      <item value="work around MSVC error C2322: '...' address of dllimport '...' is not static" />
      <item value="Case insensitive string comparison, doesn't consider two NULL pointers equal though" />
      <item value="This is a safeguard to prevent copy-pasters from using incompatible C and header files" />
      <item value="sqrt" />
      <item value="define isnan and isinf for ANSI C, if in C99 or above, isnan and isinf has been defined in math.h" />
      <item value="disable warning about single line comments in system headers" />
      <item value="disable warnings about old C89 functions in MSVC" />
      <item value="Supply malloc, realloc and free functions to cJSON" />
      <item value="Limits how deeply nested arraysobjects can be before cJSON rejects to parse them. This is to prevent stack overflows." />
      <item value="NESTING" />
      <item value="mallocfree are CDECL on Windows regardless of the default calling convention of the compiler, so ensure the hooks allow passing those functions directly." />
      <item value="nextprev allow you to walk arrayobject chains. Alternatively, use GetArraySizeGetArrayItemGetObjectItem" />
      <item value="Macro for iterating over an array or object" />
      <item value="Macro" />
      <item value="Helper functions for creating and adding items to an object at the same time. They return the added item or NULL on failure." />
      <item value="blank" />
      <item value="c JSON Minify" />
      <item value="recurse" />
      <item value="Shifts pre-existing items to the right." />
      <item value="Duplicate" />
      <item value="Detach" />
      <item value="Append reference to item to the specified arrayobject. Use this when you want to add an existing cJSON to a new cJSON, but don't want to corrupt your existing cJSON." />
    </histories>
    <option name="languageScores">
      <map>
        <entry key="CHINESE" value="89" />
        <entry key="ENGLISH" value="89" />
        <entry key="CATALAN" value="1" />
        <entry key="SWEDISH" value="1" />
      </map>
    </option>
  </component>
  <component name="Cache">
    <option name="lastTrimTime" value="1623395013783" />
  </component>
</application>